request_id,stage,timestamp,priority
1,submitted,2025-03-21 22:11,Low
1,in_progress,2025-03-21 22:57,Low
1,resolved,2025-03-22 06:50,Low
1,closed,2025-03-23 00:09,Low
2,submitted,2025-03-23 11:46,Medium
2,in_progress,2025-03-23 12:07,Medium
2,resolved,2025-03-23 13:27,Medium
2,closed,2025-03-23 17:53,Medium
3,submitted,2025-03-28 10:12,Low
3,in_progress,2025-03-28 11:18,Low
3,resolved,2025-03-28 19:00,Low
3,closed,2025-03-29 14:42,Low
4,submitted,2025-01-07 20:52,Low
4,in_progress,2025-01-07 21:44,Low
4,resolved,2025-01-08 02:33,Low
4,closed,2025-01-08 15:13,Low
5,submitted,2025-01-15 01:14,Medium
5,in_progress,2025-01-15 02:12,Medium
5,resolved,2025-01-15 05:03,Medium
5,closed,2025-01-15 10:52,Medium
6,submitted,2025-02-01 05:18,Low
6,in_progress,2025-02-01 06:33,Low
6,resolved,2025-02-01 10:12,Low
6,closed,2025-02-02 05:03,Low
7,submitted,2025-01-28 16:26,Medium
7,in_progress,2025-01-28 16:47,Medium
7,resolved,2025-01-28 18:02,Medium
7,closed,2025-01-28 22:21,Medium
8,submitted,2025-02-06 17:37,Low
8,in_progress,2025-02-06 19:24,Low
8,resolved,2025-02-07 01:22,Low
8,closed,2025-02-07 14:02,Low
9,submitted,2025-03-18 22:12,Low
9,in_progress,2025-03-18 23:27,Low
9,resolved,2025-03-19 02:58,Low
9,closed,2025-03-19 17:09,Low
10,submitted,2025-02-14 00:02,Medium
10,in_progress,2025-02-14 00:47,Medium
10,resolved,2025-02-14 02:16,Medium
10,closed,2025-02-14 04:27,Medium
11,submitted,2025-02-06 10:01,Medium
11,in_progress,2025-02-06 10:56,Medium
11,resolved,2025-02-06 12:59,Medium
11,closed,2025-02-06 17:41,Medium
12,submitted,2025-03-23 14:10,Medium
12,in_progress,2025-03-23 15:02,Medium
12,resolved,2025-03-23 18:24,Medium
12,closed,2025-03-23 21:21,Medium
13,submitted,2025-02-21 22:24,Medium
13,in_progress,2025-02-21 23:08,Medium
13,resolved,2025-02-22 00:58,Medium
13,closed,2025-02-22 06:05,Medium
14,submitted,2025-02-01 00:14,High
14,in_progress,2025-02-01 00:25,High
14,resolved,2025-02-01 01:47,High
14,closed,2025-02-01 03:52,High
15,submitted,2025-03-09 09:46,Low
15,in_progress,2025-03-09 11:26,Low
15,resolved,2025-03-09 17:35,Low
15,closed,2025-03-10 06:40,Low
16,submitted,2025-01-21 05:19,Medium
16,in_progress,2025-01-21 05:50,Medium
16,resolved,2025-01-21 09:49,Medium
16,closed,2025-01-21 14:23,Medium
17,submitted,2025-03-29 01:30,Medium
17,in_progress,2025-03-29 01:52,Medium
17,resolved,2025-03-29 04:48,Medium
17,closed,2025-03-29 07:50,Medium
18,submitted,2025-01-28 01:26,Medium
18,in_progress,2025-01-28 02:18,Medium
18,resolved,2025-01-28 06:12,Medium
18,closed,2025-01-28 09:25,Medium
19,submitted,2025-02-27 12:56,Low
19,in_progress,2025-02-27 13:53,Low
19,resolved,2025-02-27 19:32,Low
19,closed,2025-02-28 13:15,Low
20,submitted,2025-03-19 23:45,Low
20,in_progress,2025-03-20 00:54,Low
20,resolved,2025-03-20 04:21,Low
20,closed,2025-03-20 23:39,Low
21,submitted,2025-02-20 02:31,Medium
21,in_progress,2025-02-20 03:09,Medium
21,resolved,2025-02-20 06:48,Medium
21,closed,2025-02-20 11:13,Medium
22,submitted,2025-03-11 00:19,Medium
22,in_progress,2025-03-11 01:16,Medium
22,resolved,2025-03-11 02:25,Medium
22,closed,2025-03-11 06:21,Medium
23,submitted,2025-03-19 04:51,Medium
23,in_progress,2025-03-19 05:42,Medium
23,resolved,2025-03-19 07:51,Medium
23,closed,2025-03-19 13:46,Medium
24,submitted,2025-03-07 14:41,Medium
24,in_progress,2025-03-07 15:41,Medium
24,resolved,2025-03-07 18:55,Medium
24,closed,2025-03-08 00:31,Medium
25,submitted,2025-02-28 13:15,Low
25,in_progress,2025-02-28 14:51,Low
25,resolved,2025-02-28 23:19,Low
25,closed,2025-03-01 07:26,Low
26,submitted,2025-02-02 04:33,Low
26,in_progress,2025-02-02 05:43,Low
26,resolved,2025-02-02 12:00,Low
26,closed,2025-02-03 07:30,Low
27,submitted,2025-03-03 02:04,Low
27,in_progress,2025-03-03 03:44,Low
27,resolved,2025-03-03 13:36,Low
27,closed,2025-03-03 23:24,Low
28,submitted,2025-01-10 09:39,Medium
28,in_progress,2025-01-10 10:23,Medium
28,resolved,2025-01-10 14:09,Medium
28,closed,2025-01-10 17:17,Medium
29,submitted,2025-03-17 12:12,Medium
29,in_progress,2025-03-17 12:36,Medium
29,resolved,2025-03-17 15:29,Medium
29,closed,2025-03-17 19:41,Medium
30,submitted,2025-02-14 19:18,High
30,in_progress,2025-02-14 19:39,High
30,resolved,2025-02-14 20:26,High
30,closed,2025-02-14 23:07,High
31,submitted,2025-02-18 20:38,Medium
31,in_progress,2025-02-18 20:54,Medium
31,resolved,2025-02-18 23:59,Medium
31,closed,2025-02-19 04:16,Medium
32,submitted,2025-02-26 12:40,Medium
32,in_progress,2025-02-26 13:04,Medium
32,resolved,2025-02-26 15:55,Medium
32,closed,2025-02-26 18:28,Medium
33,submitted,2025-02-11 10:43,Medium
33,in_progress,2025-02-11 11:16,Medium
33,resolved,2025-02-11 14:29,Medium
33,closed,2025-02-11 17:06,Medium
34,submitted,2025-02-09 00:46,High
34,in_progress,2025-02-09 00:53,High
34,resolved,2025-02-09 01:24,High
34,closed,2025-02-09 04:11,High
35,submitted,2025-02-16 15:09,Low
35,in_progress,2025-02-16 15:43,Low
35,resolved,2025-02-16 20:41,Low
35,closed,2025-02-17 05:06,Low
36,submitted,2025-01-22 16:26,Medium
36,in_progress,2025-01-22 17:06,Medium
36,resolved,2025-01-22 18:54,Medium
36,closed,2025-01-22 22:46,Medium
37,submitted,2025-03-24 21:30,Medium
37,in_progress,2025-03-24 22:25,Medium
37,resolved,2025-03-25 00:30,Medium
37,closed,2025-03-25 04:21,Medium
38,submitted,2025-02-17 19:02,Medium
38,in_progress,2025-02-17 19:32,Medium
38,resolved,2025-02-17 21:25,Medium
38,closed,2025-02-18 00:58,Medium
39,submitted,2025-02-12 06:36,Medium
39,in_progress,2025-02-12 07:12,Medium
39,resolved,2025-02-12 09:53,Medium
39,closed,2025-02-12 13:35,Medium
40,submitted,2025-01-27 16:03,High
40,in_progress,2025-01-27 16:17,High
40,resolved,2025-01-27 17:14,High
40,closed,2025-01-27 18:57,High
41,submitted,2025-03-08 09:04,Low
41,in_progress,2025-03-08 10:13,Low
41,resolved,2025-03-08 15:47,Low
41,closed,2025-03-09 07:00,Low
42,submitted,2025-02-18 15:41,Medium
42,in_progress,2025-02-18 16:31,Medium
42,resolved,2025-02-18 19:37,Medium
42,closed,2025-02-18 23:45,Medium
43,submitted,2025-01-09 00:50,Low
43,in_progress,2025-01-09 01:27,Low
43,resolved,2025-01-09 08:46,Low
43,closed,2025-01-09 20:50,Low
44,submitted,2025-02-21 00:40,Medium
44,in_progress,2025-02-21 01:28,Medium
44,resolved,2025-02-21 04:57,Medium
44,closed,2025-02-21 09:25,Medium
45,submitted,2025-03-12 16:26,Medium
45,in_progress,2025-03-12 17:04,Medium
45,resolved,2025-03-12 20:54,Medium
45,closed,2025-03-13 00:24,Medium
46,submitted,2025-01-03 17:32,Low
46,in_progress,2025-01-03 18:50,Low
46,resolved,2025-01-04 01:07,Low
46,closed,2025-01-04 12:01,Low
47,submitted,2025-03-30 12:19,Medium
47,in_progress,2025-03-30 13:08,Medium
47,resolved,2025-03-30 14:14,Medium
47,closed,2025-03-30 16:44,Medium
48,submitted,2025-03-15 07:43,Medium
48,in_progress,2025-03-15 08:22,Medium
48,resolved,2025-03-15 10:30,Medium
48,closed,2025-03-15 16:23,Medium
49,submitted,2025-01-09 21:09,Medium
49,in_progress,2025-01-09 22:06,Medium
49,resolved,2025-01-10 02:00,Medium
49,closed,2025-01-10 06:33,Medium
50,submitted,2025-03-25 09:44,Low
50,in_progress,2025-03-25 11:31,Low
50,resolved,2025-03-25 19:50,Low
50,closed,2025-03-26 02:02,Low
51,submitted,2025-02-22 04:37,Medium
51,in_progress,2025-02-22 05:08,Medium
51,resolved,2025-02-22 07:15,Medium
51,closed,2025-02-22 09:46,Medium
52,submitted,2025-03-17 03:35,Medium
52,in_progress,2025-03-17 04:11,Medium
52,resolved,2025-03-17 07:50,Medium
52,closed,2025-03-17 10:24,Medium
53,submitted,2025-03-06 04:01,High
53,in_progress,2025-03-06 04:19,High
53,resolved,2025-03-06 05:21,High
53,closed,2025-03-06 08:17,High
54,submitted,2025-01-22 03:17,Medium
54,in_progress,2025-01-22 04:01,Medium
54,resolved,2025-01-22 05:26,Medium
54,closed,2025-01-22 08:36,Medium
55,submitted,2025-03-26 20:59,Medium
55,in_progress,2025-03-26 21:39,Medium
55,resolved,2025-03-27 00:19,Medium
55,closed,2025-03-27 04:03,Medium
56,submitted,2025-03-06 18:14,Medium
56,in_progress,2025-03-06 18:39,Medium
56,resolved,2025-03-06 22:00,Medium
56,closed,2025-03-07 00:22,Medium
57,submitted,2025-02-20 18:03,Medium
57,in_progress,2025-02-20 18:28,Medium
57,resolved,2025-02-20 21:37,Medium
57,closed,2025-02-21 02:24,Medium
58,submitted,2025-03-24 08:11,Low
58,in_progress,2025-03-24 09:04,Low
58,resolved,2025-03-24 13:31,Low
58,closed,2025-03-24 22:47,Low
59,submitted,2025-02-27 09:55,High
59,in_progress,2025-02-27 10:19,High
59,resolved,2025-02-27 10:55,High
59,closed,2025-02-27 12:21,High
60,submitted,2025-02-18 22:10,Low
60,in_progress,2025-02-18 22:49,Low
60,resolved,2025-02-19 04:28,Low
60,closed,2025-02-19 14:39,Low
61,submitted,2025-01-24 02:27,Medium
61,in_progress,2025-01-24 02:55,Medium
61,resolved,2025-01-24 06:11,Medium
61,closed,2025-01-24 10:49,Medium
62,submitted,2025-03-09 13:34,Medium
62,in_progress,2025-03-09 13:53,Medium
62,resolved,2025-03-09 17:48,Medium
62,closed,2025-03-09 22:49,Medium
63,submitted,2025-02-01 17:49,Medium
63,in_progress,2025-02-01 18:07,Medium
63,resolved,2025-02-01 21:27,Medium
63,closed,2025-02-02 02:08,Medium
64,submitted,2025-03-01 19:54,High
64,in_progress,2025-03-01 20:17,High
64,resolved,2025-03-01 20:54,High
64,closed,2025-03-01 23:26,High
65,submitted,2025-03-10 15:28,Low
65,in_progress,2025-03-10 16:33,Low
65,resolved,2025-03-10 20:00,Low
65,closed,2025-03-11 02:25,Low
66,submitted,2025-01-15 03:00,Medium
66,in_progress,2025-01-15 03:54,Medium
66,resolved,2025-01-15 07:48,Medium
66,closed,2025-01-15 10:05,Medium
67,submitted,2025-01-22 01:46,Medium
67,in_progress,2025-01-22 02:40,Medium
67,resolved,2025-01-22 04:53,Medium
67,closed,2025-01-22 07:44,Medium
68,submitted,2025-01-23 07:00,Medium
68,in_progress,2025-01-23 07:16,Medium
68,resolved,2025-01-23 09:23,Medium
68,closed,2025-01-23 15:20,Medium
69,submitted,2025-01-02 17:01,Medium
69,in_progress,2025-01-02 17:15,Medium
69,resolved,2025-01-02 21:05,Medium
69,closed,2025-01-02 23:30,Medium
70,submitted,2025-02-04 22:28,High
70,in_progress,2025-02-04 22:40,High
70,resolved,2025-02-05 00:15,High
70,closed,2025-02-05 02:31,High
71,submitted,2025-03-31 04:30,Medium
71,in_progress,2025-03-31 05:22,Medium
71,resolved,2025-03-31 08:44,Medium
71,closed,2025-03-31 11:50,Medium
72,submitted,2025-02-02 16:13,High
72,in_progress,2025-02-02 16:38,High
72,resolved,2025-02-02 18:09,High
72,closed,2025-02-02 20:01,High
73,submitted,2025-03-07 13:03,Medium
73,in_progress,2025-03-07 13:55,Medium
73,resolved,2025-03-07 16:09,Medium
73,closed,2025-03-07 20:13,Medium
74,submitted,2025-03-24 07:46,Low
74,in_progress,2025-03-24 09:22,Low
74,resolved,2025-03-24 18:07,Low
74,closed,2025-03-25 00:58,Low
75,submitted,2025-01-25 19:27,Low
75,in_progress,2025-01-25 20:39,Low
75,resolved,2025-01-26 03:12,Low
75,closed,2025-01-26 13:59,Low
76,submitted,2025-02-23 09:21,Medium
76,in_progress,2025-02-23 09:41,Medium
76,resolved,2025-02-23 11:11,Medium
76,closed,2025-02-23 13:50,Medium
77,submitted,2025-01-16 05:33,Medium
77,in_progress,2025-01-16 06:10,Medium
77,resolved,2025-01-16 10:05,Medium
77,closed,2025-01-16 15:27,Medium
78,submitted,2025-02-13 00:00,High
78,in_progress,2025-02-13 00:15,High
78,resolved,2025-02-13 01:29,High
78,closed,2025-02-13 03:48,High
79,submitted,2025-02-09 21:47,Medium
79,in_progress,2025-02-09 22:14,Medium
79,resolved,2025-02-10 01:35,Medium
79,closed,2025-02-10 05:25,Medium
80,submitted,2025-03-24 14:43,Medium
80,in_progress,2025-03-24 15:40,Medium
80,resolved,2025-03-24 18:56,Medium
80,closed,2025-03-24 21:17,Medium
81,submitted,2025-02-13 14:48,Medium
81,in_progress,2025-02-13 15:23,Medium
81,resolved,2025-02-13 16:28,Medium
81,closed,2025-02-13 19:11,Medium
82,submitted,2025-02-11 19:36,Medium
82,in_progress,2025-02-11 19:49,Medium
82,resolved,2025-02-11 23:16,Medium
82,closed,2025-02-12 05:14,Medium
83,submitted,2025-01-15 07:21,Low
83,in_progress,2025-01-15 09:19,Low
83,resolved,2025-01-15 14:08,Low
83,closed,2025-01-15 21:14,Low
84,submitted,2025-02-03 16:51,Medium
84,in_progress,2025-02-03 17:44,Medium
84,resolved,2025-02-03 20:05,Medium
84,closed,2025-02-04 00:15,Medium
85,submitted,2025-02-14 02:14,Low
85,in_progress,2025-02-14 03:43,Low
85,resolved,2025-02-14 10:22,Low
85,closed,2025-02-14 17:26,Low
86,submitted,2025-01-07 23:25,Low
86,in_progress,2025-01-08 00:41,Low
86,resolved,2025-01-08 09:28,Low
86,closed,2025-01-09 05:00,Low
87,submitted,2025-02-07 21:06,Medium
87,in_progress,2025-02-07 21:47,Medium
87,resolved,2025-02-08 01:04,Medium
87,closed,2025-02-08 06:27,Medium
88,submitted,2025-01-04 06:59,Medium
88,in_progress,2025-01-04 07:22,Medium
88,resolved,2025-01-04 09:30,Medium
88,closed,2025-01-04 12:27,Medium
89,submitted,2025-01-30 14:49,High
89,in_progress,2025-01-30 15:16,High
89,resolved,2025-01-30 16:51,High
89,closed,2025-01-30 18:44,High
90,submitted,2025-01-20 17:38,High
90,in_progress,2025-01-20 18:04,High
90,resolved,2025-01-20 18:56,High
90,closed,2025-01-20 21:16,High
91,submitted,2025-01-20 21:26,Low
91,in_progress,2025-01-20 21:58,Low
91,resolved,2025-01-21 07:09,Low
91,closed,2025-01-21 21:33,Low
92,submitted,2025-01-03 02:57,Low
92,in_progress,2025-01-03 04:35,Low
92,resolved,2025-01-03 09:40,Low
92,closed,2025-01-04 05:32,Low
93,submitted,2025-01-27 16:28,Medium
93,in_progress,2025-01-27 17:00,Medium
93,resolved,2025-01-27 18:52,Medium
93,closed,2025-01-27 21:42,Medium
94,submitted,2025-02-22 17:55,Medium
94,in_progress,2025-02-22 18:40,Medium
94,resolved,2025-02-22 20:54,Medium
94,closed,2025-02-23 01:21,Medium
95,submitted,2025-02-20 03:25,Low
95,in_progress,2025-02-20 04:11,Low
95,resolved,2025-02-20 09:50,Low
95,closed,2025-02-21 03:06,Low
96,submitted,2025-01-22 01:17,Medium
96,in_progress,2025-01-22 02:08,Medium
96,resolved,2025-01-22 05:38,Medium
96,closed,2025-01-22 08:31,Medium
97,submitted,2025-01-26 05:30,Medium
97,in_progress,2025-01-26 06:01,Medium
97,resolved,2025-01-26 07:23,Medium
97,closed,2025-01-26 11:32,Medium
98,submitted,2025-02-16 22:09,Low
98,in_progress,2025-02-16 23:46,Low
98,resolved,2025-02-17 08:33,Low
98,closed,2025-02-17 21:53,Low
99,submitted,2025-02-08 16:18,Low
99,in_progress,2025-02-08 16:49,Low
99,resolved,2025-02-08 20:09,Low
99,closed,2025-02-09 02:30,Low
100,submitted,2025-02-14 16:14,Medium
100,in_progress,2025-02-14 16:53,Medium
100,resolved,2025-02-14 18:53,Medium
100,closed,2025-02-14 23:59,Medium
101,submitted,2025-03-08 03:39,Medium
101,in_progress,2025-03-08 03:52,Medium
101,resolved,2025-03-08 06:34,Medium
101,closed,2025-03-08 08:59,Medium
102,submitted,2025-03-20 08:31,Medium
102,in_progress,2025-03-20 08:58,Medium
102,resolved,2025-03-20 10:00,Medium
102,closed,2025-03-20 13:55,Medium
103,submitted,2025-02-15 08:20,Medium
103,in_progress,2025-02-15 08:50,Medium
103,resolved,2025-02-15 11:36,Medium
103,closed,2025-02-15 15:33,Medium
104,submitted,2025-01-04 14:30,Medium
104,in_progress,2025-01-04 15:23,Medium
104,resolved,2025-01-04 18:14,Medium
104,closed,2025-01-04 23:32,Medium
105,submitted,2025-01-19 00:10,Medium
105,in_progress,2025-01-19 00:35,Medium
105,resolved,2025-01-19 04:12,Medium
105,closed,2025-01-19 07:15,Medium
106,submitted,2025-02-14 00:24,Low
106,in_progress,2025-02-14 02:09,Low
106,resolved,2025-02-14 05:17,Low
106,closed,2025-02-14 21:34,Low
107,submitted,2025-01-10 20:13,Low
107,in_progress,2025-01-10 21:03,Low
107,resolved,2025-01-11 05:11,Low
107,closed,2025-01-11 19:37,Low
108,submitted,2025-01-24 23:37,Medium
108,in_progress,2025-01-25 00:17,Medium
108,resolved,2025-01-25 02:59,Medium
108,closed,2025-01-25 05:57,Medium
109,submitted,2025-03-11 01:36,Low
109,in_progress,2025-03-11 02:33,Low
109,resolved,2025-03-11 08:05,Low
109,closed,2025-03-11 16:54,Low
110,submitted,2025-03-08 10:50,High
110,in_progress,2025-03-08 11:10,High
110,resolved,2025-03-08 12:35,High
110,closed,2025-03-08 14:57,High
111,submitted,2025-03-13 15:18,Low
111,in_progress,2025-03-13 17:02,Low
111,resolved,2025-03-14 02:39,Low
111,closed,2025-03-14 08:40,Low
112,submitted,2025-02-23 18:49,High
112,in_progress,2025-02-23 19:12,High
112,resolved,2025-02-23 20:25,High
112,closed,2025-02-23 21:51,High
113,submitted,2025-03-01 12:09,Medium
113,in_progress,2025-03-01 12:32,Medium
113,resolved,2025-03-01 13:37,Medium
113,closed,2025-03-01 17:20,Medium
114,submitted,2025-01-29 12:41,Low
114,in_progress,2025-01-29 14:38,Low
114,resolved,2025-01-29 20:37,Low
114,closed,2025-01-30 04:36,Low
115,submitted,2025-01-03 16:04,Medium
115,in_progress,2025-01-03 16:49,Medium
115,resolved,2025-01-03 19:38,Medium
115,closed,2025-01-03 23:08,Medium
116,submitted,2025-03-30 18:52,Medium
116,in_progress,2025-03-30 19:37,Medium
116,resolved,2025-03-30 22:04,Medium
116,closed,2025-03-31 03:33,Medium
117,submitted,2025-01-13 05:59,Medium
117,in_progress,2025-01-13 06:53,Medium
117,resolved,2025-01-13 10:34,Medium
117,closed,2025-01-13 15:36,Medium
118,submitted,2025-01-11 22:55,Medium
118,in_progress,2025-01-11 23:31,Medium
118,resolved,2025-01-12 01:57,Medium
118,closed,2025-01-12 07:14,Medium
119,submitted,2025-03-08 14:10,Medium
119,in_progress,2025-03-08 14:56,Medium
119,resolved,2025-03-08 18:15,Medium
119,closed,2025-03-08 23:44,Medium
120,submitted,2025-02-19 22:46,Medium
120,in_progress,2025-02-19 23:13,Medium
120,resolved,2025-02-20 02:08,Medium
120,closed,2025-02-20 07:47,Medium
121,submitted,2025-03-19 13:44,Low
121,in_progress,2025-03-19 14:55,Low
121,resolved,2025-03-19 22:26,Low
121,closed,2025-03-20 14:16,Low
122,submitted,2025-01-11 00:27,Medium
122,in_progress,2025-01-11 00:41,Medium
122,resolved,2025-01-11 04:36,Medium
122,closed,2025-01-11 09:14,Medium
123,submitted,2025-03-11 13:54,Low
123,in_progress,2025-03-11 14:55,Low
123,resolved,2025-03-11 22:17,Low
123,closed,2025-03-12 07:55,Low
124,submitted,2025-01-24 13:50,Medium
124,in_progress,2025-01-24 14:07,Medium
124,resolved,2025-01-24 17:57,Medium
124,closed,2025-01-24 22:21,Medium
125,submitted,2025-03-04 11:36,Medium
125,in_progress,2025-03-04 12:22,Medium
125,resolved,2025-03-04 14:21,Medium
125,closed,2025-03-04 18:48,Medium
126,submitted,2025-02-14 02:37,Medium
126,in_progress,2025-02-14 03:05,Medium
126,resolved,2025-02-14 05:00,Medium
126,closed,2025-02-14 10:41,Medium
127,submitted,2025-02-03 20:30,Medium
127,in_progress,2025-02-03 20:44,Medium
127,resolved,2025-02-03 22:01,Medium
127,closed,2025-02-04 02:15,Medium
128,submitted,2025-02-14 16:56,Medium
128,in_progress,2025-02-14 17:54,Medium
128,resolved,2025-02-14 21:45,Medium
128,closed,2025-02-15 00:10,Medium
129,submitted,2025-03-08 08:18,Low
129,in_progress,2025-03-08 08:49,Low
129,resolved,2025-03-08 17:39,Low
129,closed,2025-03-09 05:23,Low
130,submitted,2025-01-08 10:49,Medium
130,in_progress,2025-01-08 11:44,Medium
130,resolved,2025-01-08 13:26,Medium
130,closed,2025-01-08 18:59,Medium
131,submitted,2025-03-25 16:50,Medium
131,in_progress,2025-03-25 17:37,Medium
131,resolved,2025-03-25 18:58,Medium
131,closed,2025-03-25 23:27,Medium
132,submitted,2025-03-21 04:50,High
132,in_progress,2025-03-21 05:13,High
132,resolved,2025-03-21 07:07,High
132,closed,2025-03-21 08:27,High
133,submitted,2025-01-29 17:21,Low
133,in_progress,2025-01-29 18:19,Low
133,resolved,2025-01-30 02:24,Low
133,closed,2025-01-30 17:31,Low
134,submitted,2025-03-24 08:20,Medium
134,in_progress,2025-03-24 09:16,Medium
134,resolved,2025-03-24 11:22,Medium
134,closed,2025-03-24 16:14,Medium
135,submitted,2025-02-01 10:10,Medium
135,in_progress,2025-02-01 11:02,Medium
135,resolved,2025-02-01 14:39,Medium
135,closed,2025-02-01 18:38,Medium
136,submitted,2025-03-11 03:18,High
136,in_progress,2025-03-11 03:47,High
136,resolved,2025-03-11 05:40,High
136,closed,2025-03-11 06:59,High
137,submitted,2025-01-28 14:17,Low
137,in_progress,2025-01-28 15:30,Low
137,resolved,2025-01-28 19:17,Low
137,closed,2025-01-29 05:41,Low
138,submitted,2025-02-04 21:10,Medium
138,in_progress,2025-02-04 21:34,Medium
138,resolved,2025-02-05 00:29,Medium
138,closed,2025-02-05 03:37,Medium
139,submitted,2025-03-24 06:51,Medium
139,in_progress,2025-03-24 07:28,Medium
139,resolved,2025-03-24 11:22,Medium
139,closed,2025-03-24 15:39,Medium
140,submitted,2025-02-14 22:33,Medium
140,in_progress,2025-02-14 23:19,Medium
140,resolved,2025-02-15 02:50,Medium
140,closed,2025-02-15 06:13,Medium
141,submitted,2025-03-09 05:34,Low
141,in_progress,2025-03-09 06:18,Low
141,resolved,2025-03-09 15:36,Low
141,closed,2025-03-10 09:02,Low
142,submitted,2025-01-08 10:10,Medium
142,in_progress,2025-01-08 10:44,Medium
142,resolved,2025-01-08 14:39,Medium
142,closed,2025-01-08 18:05,Medium
143,submitted,2025-01-16 00:07,Medium
143,in_progress,2025-01-16 01:05,Medium
143,resolved,2025-01-16 04:13,Medium
143,closed,2025-01-16 06:39,Medium
144,submitted,2025-01-14 08:18,Medium
144,in_progress,2025-01-14 08:48,Medium
144,resolved,2025-01-14 10:51,Medium
144,closed,2025-01-14 14:28,Medium
145,submitted,2025-03-01 04:54,Low
145,in_progress,2025-03-01 06:26,Low
145,resolved,2025-03-01 16:07,Low
145,closed,2025-03-02 05:43,Low
146,submitted,2025-03-11 09:15,Medium
146,in_progress,2025-03-11 09:36,Medium
146,resolved,2025-03-11 12:03,Medium
146,closed,2025-03-11 16:03,Medium
147,submitted,2025-02-20 18:46,Medium
147,in_progress,2025-02-20 19:17,Medium
147,resolved,2025-02-20 22:42,Medium
147,closed,2025-02-21 02:04,Medium
148,submitted,2025-02-10 19:20,Medium
148,in_progress,2025-02-10 20:19,Medium
148,resolved,2025-02-10 23:25,Medium
148,closed,2025-02-11 04:28,Medium
149,submitted,2025-01-24 04:59,High
149,in_progress,2025-01-24 05:18,High
149,resolved,2025-01-24 06:21,High
149,closed,2025-01-24 07:33,High
150,submitted,2025-02-26 13:12,Low
150,in_progress,2025-02-26 14:30,Low
150,resolved,2025-02-26 19:06,Low
150,closed,2025-02-27 10:39,Low
151,submitted,2025-03-02 19:41,Medium
151,in_progress,2025-03-02 20:24,Medium
151,resolved,2025-03-02 23:13,Medium
151,closed,2025-03-03 02:52,Medium
152,submitted,2025-03-06 07:30,High
152,in_progress,2025-03-06 07:41,High
152,resolved,2025-03-06 08:58,High
152,closed,2025-03-06 11:40,High
153,submitted,2025-03-26 14:06,Medium
153,in_progress,2025-03-26 14:47,Medium
153,resolved,2025-03-26 17:16,Medium
153,closed,2025-03-26 21:23,Medium
154,submitted,2025-03-12 02:43,Medium
154,in_progress,2025-03-12 03:19,Medium
154,resolved,2025-03-12 05:00,Medium
154,closed,2025-03-12 08:14,Medium
155,submitted,2025-02-08 13:24,Medium
155,in_progress,2025-02-08 14:21,Medium
155,resolved,2025-02-08 17:15,Medium
155,closed,2025-02-08 20:22,Medium
156,submitted,2025-01-26 02:35,High
156,in_progress,2025-01-26 02:58,High
156,resolved,2025-01-26 03:49,High
156,closed,2025-01-26 06:01,High
157,submitted,2025-02-09 21:28,Medium
157,in_progress,2025-02-09 22:03,Medium
157,resolved,2025-02-10 00:49,Medium
157,closed,2025-02-10 04:54,Medium
158,submitted,2025-03-02 01:12,Medium
158,in_progress,2025-03-02 01:56,Medium
158,resolved,2025-03-02 04:36,Medium
158,closed,2025-03-02 09:07,Medium
159,submitted,2025-03-31 20:48,Low
159,in_progress,2025-03-31 21:54,Low
159,resolved,2025-04-01 04:54,Low
159,closed,2025-04-01 20:38,Low
160,submitted,2025-01-05 06:13,Low
160,in_progress,2025-01-05 07:24,Low
160,resolved,2025-01-05 15:42,Low
160,closed,2025-01-06 00:57,Low
161,submitted,2025-01-04 19:34,Medium
161,in_progress,2025-01-04 20:20,Medium
161,resolved,2025-01-04 22:17,Medium
161,closed,2025-01-05 01:23,Medium
162,submitted,2025-03-12 03:08,Low
162,in_progress,2025-03-12 04:48,Low
162,resolved,2025-03-12 10:42,Low
162,closed,2025-03-13 00:57,Low
163,submitted,2025-03-21 00:58,Medium
163,in_progress,2025-03-21 01:33,Medium
163,resolved,2025-03-21 04:21,Medium
163,closed,2025-03-21 09:12,Medium
164,submitted,2025-01-06 21:28,Medium
164,in_progress,2025-01-06 21:55,Medium
164,resolved,2025-01-07 00:28,Medium
164,closed,2025-01-07 02:47,Medium
165,submitted,2025-02-05 18:50,Low
165,in_progress,2025-02-05 19:57,Low
165,resolved,2025-02-06 02:07,Low
165,closed,2025-02-06 09:04,Low
166,submitted,2025-03-10 11:34,Medium
166,in_progress,2025-03-10 12:19,Medium
166,resolved,2025-03-10 16:09,Medium
166,closed,2025-03-10 21:10,Medium
167,submitted,2025-03-20 04:23,Low
167,in_progress,2025-03-20 06:16,Low
167,resolved,2025-03-20 11:48,Low
167,closed,2025-03-21 01:40,Low
168,submitted,2025-02-18 14:11,Medium
168,in_progress,2025-02-18 14:43,Medium
168,resolved,2025-02-18 16:20,Medium
168,closed,2025-02-18 20:55,Medium
169,submitted,2025-03-29 02:40,Medium
169,in_progress,2025-03-29 03:15,Medium
169,resolved,2025-03-29 05:22,Medium
169,closed,2025-03-29 09:33,Medium
170,submitted,2025-03-23 11:32,Medium
170,in_progress,2025-03-23 12:05,Medium
170,resolved,2025-03-23 14:36,Medium
170,closed,2025-03-23 17:32,Medium
171,submitted,2025-01-23 23:12,Medium
171,in_progress,2025-01-23 23:53,Medium
171,resolved,2025-01-24 03:17,Medium
171,closed,2025-01-24 09:15,Medium
172,submitted,2025-03-16 21:20,Medium
172,in_progress,2025-03-16 21:50,Medium
172,resolved,2025-03-17 00:32,Medium
172,closed,2025-03-17 04:51,Medium
173,submitted,2025-03-25 04:31,Medium
173,in_progress,2025-03-25 05:27,Medium
173,resolved,2025-03-25 07:08,Medium
173,closed,2025-03-25 09:09,Medium
174,submitted,2025-01-24 18:16,Low
174,in_progress,2025-01-24 19:19,Low
174,resolved,2025-01-25 01:30,Low
174,closed,2025-01-25 11:44,Low
175,submitted,2025-01-11 17:25,Medium
175,in_progress,2025-01-11 18:01,Medium
175,resolved,2025-01-11 21:19,Medium
175,closed,2025-01-12 03:00,Medium
176,submitted,2025-02-19 03:46,Medium
176,in_progress,2025-02-19 04:09,Medium
176,resolved,2025-02-19 07:54,Medium
176,closed,2025-02-19 11:30,Medium
177,submitted,2025-01-31 21:09,Medium
177,in_progress,2025-01-31 21:31,Medium
177,resolved,2025-02-01 00:47,Medium
177,closed,2025-02-01 06:05,Medium
178,submitted,2025-02-26 07:11,Medium
178,in_progress,2025-02-26 08:00,Medium
178,resolved,2025-02-26 09:40,Medium
178,closed,2025-02-26 12:34,Medium
179,submitted,2025-02-22 10:48,Low
179,in_progress,2025-02-22 12:20,Low
179,resolved,2025-02-22 15:21,Low
179,closed,2025-02-23 05:19,Low
180,submitted,2025-01-27 11:15,Low
180,in_progress,2025-01-27 12:00,Low
180,resolved,2025-01-27 16:48,Low
180,closed,2025-01-28 03:03,Low
181,submitted,2025-03-14 23:56,Medium
181,in_progress,2025-03-15 00:14,Medium
181,resolved,2025-03-15 01:18,Medium
181,closed,2025-03-15 04:27,Medium
182,submitted,2025-01-31 19:17,Low
182,in_progress,2025-01-31 20:25,Low
182,resolved,2025-02-01 05:07,Low
182,closed,2025-02-01 12:17,Low
183,submitted,2025-02-11 14:33,Medium
183,in_progress,2025-02-11 15:28,Medium
183,resolved,2025-02-11 17:08,Medium
183,closed,2025-02-11 21:48,Medium
184,submitted,2025-01-24 19:32,Medium
184,in_progress,2025-01-24 19:52,Medium
184,resolved,2025-01-24 23:51,Medium
184,closed,2025-01-25 05:42,Medium
185,submitted,2025-02-15 01:10,Low
185,in_progress,2025-02-15 02:30,Low
185,resolved,2025-02-15 07:48,Low
185,closed,2025-02-15 14:45,Low
186,submitted,2025-01-05 18:33,Medium
186,in_progress,2025-01-05 19:00,Medium
186,resolved,2025-01-05 21:12,Medium
186,closed,2025-01-05 23:58,Medium
187,submitted,2025-01-18 10:16,High
187,in_progress,2025-01-18 10:44,High
187,resolved,2025-01-18 11:27,High
187,closed,2025-01-18 13:59,High
188,submitted,2025-03-05 06:18,Low
188,in_progress,2025-03-05 07:20,Low
188,resolved,2025-03-05 10:49,Low
188,closed,2025-03-05 21:51,Low
189,submitted,2025-03-18 03:02,Medium
189,in_progress,2025-03-18 03:15,Medium
189,resolved,2025-03-18 06:27,Medium
189,closed,2025-03-18 09:41,Medium
190,submitted,2025-02-10 17:08,Low
190,in_progress,2025-02-10 18:45,Low
190,resolved,2025-02-10 23:51,Low
190,closed,2025-02-11 14:50,Low
191,submitted,2025-01-10 16:20,High
191,in_progress,2025-01-10 16:43,High
191,resolved,2025-01-10 17:24,High
191,closed,2025-01-10 19:04,High
192,submitted,2025-03-31 15:11,Medium
192,in_progress,2025-03-31 16:04,Medium
192,resolved,2025-03-31 18:36,Medium
192,closed,2025-03-31 22:36,Medium
193,submitted,2025-01-01 15:57,High
193,in_progress,2025-01-01 16:04,High
193,resolved,2025-01-01 17:50,High
193,closed,2025-01-01 19:55,High
194,submitted,2025-03-23 10:33,Low
194,in_progress,2025-03-23 12:02,Low
194,resolved,2025-03-23 19:03,Low
194,closed,2025-03-24 10:01,Low
195,submitted,2025-02-13 21:09,Medium
195,in_progress,2025-02-13 21:31,Medium
195,resolved,2025-02-13 23:21,Medium
195,closed,2025-02-14 04:08,Medium
196,submitted,2025-03-17 07:23,High
196,in_progress,2025-03-17 07:46,High
196,resolved,2025-03-17 09:44,High
196,closed,2025-03-17 11:13,High
197,submitted,2025-01-15 13:00,Medium
197,in_progress,2025-01-15 13:51,Medium
197,resolved,2025-01-15 15:22,Medium
197,closed,2025-01-15 20:19,Medium
198,submitted,2025-01-26 07:13,Medium
198,in_progress,2025-01-26 07:43,Medium
198,resolved,2025-01-26 10:27,Medium
198,closed,2025-01-26 14:16,Medium
199,submitted,2025-03-23 03:16,Medium
199,in_progress,2025-03-23 03:56,Medium
199,resolved,2025-03-23 05:00,Medium
199,closed,2025-03-23 07:23,Medium
200,submitted,2025-02-21 23:29,Low
200,in_progress,2025-02-22 00:29,Low
200,resolved,2025-02-22 05:36,Low
200,closed,2025-02-22 12:28,Low
201,submitted,2025-03-15 13:37,Medium
201,in_progress,2025-03-15 13:58,Medium
201,resolved,2025-03-15 16:52,Medium
201,closed,2025-03-15 20:26,Medium
202,submitted,2025-03-09 19:23,Low
202,in_progress,2025-03-09 20:43,Low
202,resolved,2025-03-10 04:22,Low
202,closed,2025-03-10 14:21,Low
203,submitted,2025-01-12 11:37,Medium
203,in_progress,2025-01-12 12:17,Medium
203,resolved,2025-01-12 15:56,Medium
203,closed,2025-01-12 19:33,Medium
204,submitted,2025-03-19 10:32,Medium
204,in_progress,2025-03-19 11:05,Medium
204,resolved,2025-03-19 13:03,Medium
204,closed,2025-03-19 16:08,Medium
205,submitted,2025-02-11 11:57,Medium
205,in_progress,2025-02-11 12:32,Medium
205,resolved,2025-02-11 15:21,Medium
205,closed,2025-02-11 20:33,Medium
206,submitted,2025-02-14 09:17,Medium
206,in_progress,2025-02-14 09:42,Medium
206,resolved,2025-02-14 12:56,Medium
206,closed,2025-02-14 15:01,Medium
207,submitted,2025-02-16 11:34,Medium
207,in_progress,2025-02-16 11:47,Medium
207,resolved,2025-02-16 15:31,Medium
207,closed,2025-02-16 19:52,Medium
208,submitted,2025-02-04 01:22,Medium
208,in_progress,2025-02-04 01:53,Medium
208,resolved,2025-02-04 05:01,Medium
208,closed,2025-02-04 08:36,Medium
209,submitted,2025-01-04 19:53,Medium
209,in_progress,2025-01-04 20:15,Medium
209,resolved,2025-01-04 23:11,Medium
209,closed,2025-01-05 02:21,Medium
210,submitted,2025-02-11 21:45,Low
210,in_progress,2025-02-11 23:08,Low
210,resolved,2025-02-12 07:23,Low
210,closed,2025-02-12 16:06,Low
211,submitted,2025-03-11 22:53,Medium
211,in_progress,2025-03-11 23:21,Medium
211,resolved,2025-03-12 00:54,Medium
211,closed,2025-03-12 06:15,Medium
212,submitted,2025-02-25 15:40,Medium
212,in_progress,2025-02-25 16:20,Medium
212,resolved,2025-02-25 18:57,Medium
212,closed,2025-02-25 23:32,Medium
213,submitted,2025-02-02 05:51,High
213,in_progress,2025-02-02 06:04,High
213,resolved,2025-02-02 07:26,High
213,closed,2025-02-02 10:18,High
214,submitted,2025-03-23 22:54,Medium
214,in_progress,2025-03-23 23:45,Medium
214,resolved,2025-03-24 01:03,Medium
214,closed,2025-03-24 04:28,Medium
215,submitted,2025-02-05 10:38,Low
215,in_progress,2025-02-05 12:29,Low
215,resolved,2025-02-05 17:07,Low
215,closed,2025-02-06 01:00,Low
216,submitted,2025-01-13 05:51,High
216,in_progress,2025-01-13 06:12,High
216,resolved,2025-01-13 07:46,High
216,closed,2025-01-13 08:55,High
217,submitted,2025-03-20 02:53,Low
217,in_progress,2025-03-20 03:33,Low
217,resolved,2025-03-20 12:29,Low
217,closed,2025-03-21 02:22,Low
218,submitted,2025-02-25 08:22,High
218,in_progress,2025-02-25 08:47,High
218,resolved,2025-02-25 10:04,High
218,closed,2025-02-25 12:13,High
219,submitted,2025-02-11 10:42,Medium
219,in_progress,2025-02-11 11:32,Medium
219,resolved,2025-02-11 15:22,Medium
219,closed,2025-02-11 19:36,Medium
220,submitted,2025-03-24 07:42,High
220,in_progress,2025-03-24 07:49,High
220,resolved,2025-03-24 09:25,High
220,closed,2025-03-24 10:37,High
221,submitted,2025-01-14 05:55,Medium
221,in_progress,2025-01-14 06:42,Medium
221,resolved,2025-01-14 08:09,Medium
221,closed,2025-01-14 11:51,Medium
222,submitted,2025-02-26 01:12,Medium
222,in_progress,2025-02-26 02:00,Medium
222,resolved,2025-02-26 04:57,Medium
222,closed,2025-02-26 08:57,Medium
223,submitted,2025-02-27 15:15,Medium
223,in_progress,2025-02-27 15:43,Medium
223,resolved,2025-02-27 17:53,Medium
223,closed,2025-02-27 22:52,Medium
224,submitted,2025-02-02 07:11,Medium
224,in_progress,2025-02-02 07:26,Medium
224,resolved,2025-02-02 11:16,Medium
224,closed,2025-02-02 15:36,Medium
225,submitted,2025-01-07 03:58,Medium
225,in_progress,2025-01-07 04:25,Medium
225,resolved,2025-01-07 06:39,Medium
225,closed,2025-01-07 10:39,Medium
226,submitted,2025-03-03 03:04,Medium
226,in_progress,2025-03-03 03:55,Medium
226,resolved,2025-03-03 06:19,Medium
226,closed,2025-03-03 09:07,Medium
227,submitted,2025-03-14 06:34,High
227,in_progress,2025-03-14 06:42,High
227,resolved,2025-03-14 07:50,High
227,closed,2025-03-14 10:35,High
228,submitted,2025-02-24 11:19,Medium
228,in_progress,2025-02-24 11:39,Medium
228,resolved,2025-02-24 14:48,Medium
228,closed,2025-02-24 16:51,Medium
229,submitted,2025-03-17 17:25,Medium
229,in_progress,2025-03-17 17:50,Medium
229,resolved,2025-03-17 21:25,Medium
229,closed,2025-03-18 01:32,Medium
230,submitted,2025-03-22 05:15,Medium
230,in_progress,2025-03-22 05:45,Medium
230,resolved,2025-03-22 09:06,Medium
230,closed,2025-03-22 12:09,Medium
231,submitted,2025-02-17 18:19,Low
231,in_progress,2025-02-17 19:09,Low
231,resolved,2025-02-18 00:00,Low
231,closed,2025-02-18 08:53,Low
232,submitted,2025-03-03 01:53,Low
232,in_progress,2025-03-03 03:37,Low
232,resolved,2025-03-03 11:32,Low
232,closed,2025-03-04 06:18,Low
233,submitted,2025-03-21 03:09,Medium
233,in_progress,2025-03-21 03:48,Medium
233,resolved,2025-03-21 06:35,Medium
233,closed,2025-03-21 08:45,Medium
234,submitted,2025-02-03 04:42,Medium
234,in_progress,2025-02-03 05:07,Medium
234,resolved,2025-02-03 07:23,Medium
234,closed,2025-02-03 12:36,Medium
235,submitted,2025-02-04 08:55,Medium
235,in_progress,2025-02-04 09:11,Medium
235,resolved,2025-02-04 12:57,Medium
235,closed,2025-02-04 15:11,Medium
236,submitted,2025-01-03 04:54,High
236,in_progress,2025-01-03 05:08,High
236,resolved,2025-01-03 06:57,High
236,closed,2025-01-03 09:02,High
237,submitted,2025-03-30 02:16,Low
237,in_progress,2025-03-30 03:42,Low
237,resolved,2025-03-30 12:16,Low
237,closed,2025-03-31 07:46,Low
238,submitted,2025-03-22 09:25,Medium
238,in_progress,2025-03-22 09:59,Medium
238,resolved,2025-03-22 13:06,Medium
238,closed,2025-03-22 16:25,Medium
239,submitted,2025-02-19 04:20,Medium
239,in_progress,2025-02-19 05:05,Medium
239,resolved,2025-02-19 06:16,Medium
239,closed,2025-02-19 11:43,Medium
240,submitted,2025-03-11 13:46,High
240,in_progress,2025-03-11 14:09,High
240,resolved,2025-03-11 15:19,High
240,closed,2025-03-11 17:57,High
241,submitted,2025-02-28 05:47,Medium
241,in_progress,2025-02-28 06:19,Medium
241,resolved,2025-02-28 08:48,Medium
241,closed,2025-02-28 14:36,Medium
242,submitted,2025-01-14 11:33,Medium
242,in_progress,2025-01-14 12:28,Medium
242,resolved,2025-01-14 13:40,Medium
242,closed,2025-01-14 18:44,Medium
243,submitted,2025-01-24 08:38,Low
243,in_progress,2025-01-24 09:23,Low
243,resolved,2025-01-24 15:29,Low
243,closed,2025-01-24 23:43,Low
244,submitted,2025-01-12 16:08,Low
244,in_progress,2025-01-12 16:38,Low
244,resolved,2025-01-12 23:45,Low
244,closed,2025-01-13 10:10,Low
245,submitted,2025-02-01 16:12,Low
245,in_progress,2025-02-01 17:11,Low
245,resolved,2025-02-01 22:23,Low
245,closed,2025-02-02 17:33,Low
246,submitted,2025-01-18 04:22,Low
246,in_progress,2025-01-18 05:30,Low
246,resolved,2025-01-18 14:55,Low
246,closed,2025-01-19 06:50,Low
247,submitted,2025-01-30 05:38,Low
247,in_progress,2025-01-30 06:35,Low
247,resolved,2025-01-30 14:01,Low
247,closed,2025-01-31 06:03,Low
248,submitted,2025-03-09 21:03,Low
248,in_progress,2025-03-09 22:56,Low
248,resolved,2025-03-10 08:33,Low
248,closed,2025-03-11 01:53,Low
249,submitted,2025-02-25 05:56,High
249,in_progress,2025-02-25 06:17,High
249,resolved,2025-02-25 07:01,High
249,closed,2025-02-25 09:21,High
250,submitted,2025-01-22 22:08,Medium
250,in_progress,2025-01-22 22:26,Medium
250,resolved,2025-01-23 02:21,Medium
250,closed,2025-01-23 04:45,Medium
251,submitted,2025-03-25 16:16,Medium
251,in_progress,2025-03-25 16:40,Medium
251,resolved,2025-03-25 19:23,Medium
251,closed,2025-03-25 23:31,Medium
252,submitted,2025-01-10 00:29,Medium
252,in_progress,2025-01-10 00:42,Medium
252,resolved,2025-01-10 02:07,Medium
252,closed,2025-01-10 05:51,Medium
253,submitted,2025-01-08 18:14,Medium
253,in_progress,2025-01-08 19:03,Medium
253,resolved,2025-01-08 21:08,Medium
253,closed,2025-01-09 01:36,Medium
254,submitted,2025-01-12 10:38,Medium
254,in_progress,2025-01-12 11:37,Medium
254,resolved,2025-01-12 13:02,Medium
254,closed,2025-01-12 16:30,Medium
255,submitted,2025-01-02 21:54,Medium
255,in_progress,2025-01-02 22:37,Medium
255,resolved,2025-01-03 01:07,Medium
255,closed,2025-01-03 04:52,Medium
256,submitted,2025-01-13 09:51,Medium
256,in_progress,2025-01-13 10:34,Medium
256,resolved,2025-01-13 13:19,Medium
256,closed,2025-01-13 17:43,Medium
257,submitted,2025-01-11 03:04,High
257,in_progress,2025-01-11 03:14,High
257,resolved,2025-01-11 04:32,High
257,closed,2025-01-11 06:25,High
258,submitted,2025-03-07 07:08,Low
258,in_progress,2025-03-07 07:57,Low
258,resolved,2025-03-07 17:16,Low
258,closed,2025-03-08 02:47,Low
259,submitted,2025-02-20 17:06,Medium
259,in_progress,2025-02-20 18:02,Medium
259,resolved,2025-02-20 19:48,Medium
259,closed,2025-02-20 22:59,Medium
260,submitted,2025-01-24 07:40,Medium
260,in_progress,2025-01-24 08:04,Medium
260,resolved,2025-01-24 10:19,Medium
260,closed,2025-01-24 12:52,Medium
261,submitted,2025-03-19 13:44,High
261,in_progress,2025-03-19 14:07,High
261,resolved,2025-03-19 16:04,High
261,closed,2025-03-19 18:34,High
262,submitted,2025-01-13 05:09,Medium
262,in_progress,2025-01-13 06:05,Medium
262,resolved,2025-01-13 09:19,Medium
262,closed,2025-01-13 13:52,Medium
263,submitted,2025-03-04 22:53,Medium
263,in_progress,2025-03-04 23:18,Medium
263,resolved,2025-03-05 02:42,Medium
263,closed,2025-03-05 06:00,Medium
264,submitted,2025-02-06 11:26,Medium
264,in_progress,2025-02-06 12:26,Medium
264,resolved,2025-02-06 16:14,Medium
264,closed,2025-02-06 19:43,Medium
265,submitted,2025-02-24 03:57,Medium
265,in_progress,2025-02-24 04:11,Medium
265,resolved,2025-02-24 07:10,Medium
265,closed,2025-02-24 10:50,Medium
266,submitted,2025-01-16 05:41,Low
266,in_progress,2025-01-16 06:16,Low
266,resolved,2025-01-16 12:03,Low
266,closed,2025-01-17 01:34,Low
267,submitted,2025-02-04 09:53,Medium
267,in_progress,2025-02-04 10:19,Medium
267,resolved,2025-02-04 13:44,Medium
267,closed,2025-02-04 19:18,Medium
268,submitted,2025-03-25 14:59,High
268,in_progress,2025-03-25 15:09,High
268,resolved,2025-03-25 16:40,High
268,closed,2025-03-25 18:41,High
269,submitted,2025-01-26 17:19,Low
269,in_progress,2025-01-26 18:02,Low
269,resolved,2025-01-27 03:44,Low
269,closed,2025-01-27 15:09,Low
270,submitted,2025-03-01 11:22,Medium
270,in_progress,2025-03-01 11:59,Medium
270,resolved,2025-03-01 15:40,Medium
270,closed,2025-03-01 18:57,Medium
271,submitted,2025-02-21 11:39,Medium
271,in_progress,2025-02-21 12:33,Medium
271,resolved,2025-02-21 14:21,Medium
271,closed,2025-02-21 18:52,Medium
272,submitted,2025-01-16 20:55,Medium
272,in_progress,2025-01-16 21:14,Medium
272,resolved,2025-01-17 01:03,Medium
272,closed,2025-01-17 03:31,Medium
273,submitted,2025-02-03 22:55,Medium
273,in_progress,2025-02-03 23:50,Medium
273,resolved,2025-02-04 02:42,Medium
273,closed,2025-02-04 08:14,Medium
274,submitted,2025-02-14 10:48,Medium
274,in_progress,2025-02-14 11:04,Medium
274,resolved,2025-02-14 13:09,Medium
274,closed,2025-02-14 15:44,Medium
275,submitted,2025-02-24 09:45,Medium
275,in_progress,2025-02-24 10:09,Medium
275,resolved,2025-02-24 11:09,Medium
275,closed,2025-02-24 16:35,Medium
276,submitted,2025-01-25 11:47,Low
276,in_progress,2025-01-25 13:42,Low
276,resolved,2025-01-25 18:51,Low
276,closed,2025-01-26 14:14,Low
277,submitted,2025-03-29 12:11,Low
277,in_progress,2025-03-29 13:59,Low
277,resolved,2025-03-29 19:49,Low
277,closed,2025-03-30 02:28,Low
278,submitted,2025-01-27 18:32,Medium
278,in_progress,2025-01-27 19:25,Medium
278,resolved,2025-01-27 22:15,Medium
278,closed,2025-01-28 02:20,Medium
279,submitted,2025-02-23 02:35,Medium
279,in_progress,2025-02-23 03:18,Medium
279,resolved,2025-02-23 06:53,Medium
279,closed,2025-02-23 10:51,Medium
280,submitted,2025-02-15 05:37,High
280,in_progress,2025-02-15 06:04,High
280,resolved,2025-02-15 07:51,High
280,closed,2025-02-15 09:57,High
281,submitted,2025-01-29 20:59,High
281,in_progress,2025-01-29 21:14,High
281,resolved,2025-01-29 22:33,High
281,closed,2025-01-30 00:48,High
282,submitted,2025-03-07 09:00,Medium
282,in_progress,2025-03-07 09:25,Medium
282,resolved,2025-03-07 10:32,Medium
282,closed,2025-03-07 15:59,Medium
283,submitted,2025-02-21 17:19,High
283,in_progress,2025-02-21 17:46,High
283,resolved,2025-02-21 19:04,High
283,closed,2025-02-21 20:50,High
284,submitted,2025-01-07 14:02,High
284,in_progress,2025-01-07 14:11,High
284,resolved,2025-01-07 15:26,High
284,closed,2025-01-07 16:54,High
285,submitted,2025-03-27 01:32,High
285,in_progress,2025-03-27 01:59,High
285,resolved,2025-03-27 03:08,High
285,closed,2025-03-27 04:57,High
286,submitted,2025-02-07 09:25,Low
286,in_progress,2025-02-07 10:39,Low
286,resolved,2025-02-07 16:26,Low
286,closed,2025-02-08 03:58,Low
287,submitted,2025-02-12 03:32,Low
287,in_progress,2025-02-12 05:29,Low
287,resolved,2025-02-12 09:09,Low
287,closed,2025-02-13 03:30,Low
288,submitted,2025-02-19 23:06,Low
288,in_progress,2025-02-20 01:05,Low
288,resolved,2025-02-20 07:35,Low
288,closed,2025-02-21 02:42,Low
289,submitted,2025-03-08 20:11,High
289,in_progress,2025-03-08 20:35,High
289,resolved,2025-03-08 22:04,High
289,closed,2025-03-09 00:29,High
290,submitted,2025-01-29 02:09,Medium
290,in_progress,2025-01-29 02:32,Medium
290,resolved,2025-01-29 04:53,Medium
290,closed,2025-01-29 08:58,Medium
291,submitted,2025-03-12 07:22,Medium
291,in_progress,2025-03-12 08:18,Medium
291,resolved,2025-03-12 10:48,Medium
291,closed,2025-03-12 15:56,Medium
292,submitted,2025-02-19 00:47,High
292,in_progress,2025-02-19 01:04,High
292,resolved,2025-02-19 01:42,High
292,closed,2025-02-19 04:37,High
293,submitted,2025-03-10 06:42,High
293,in_progress,2025-03-10 06:51,High
293,resolved,2025-03-10 08:19,High
293,closed,2025-03-10 09:27,High
294,submitted,2025-03-22 22:30,Medium
294,in_progress,2025-03-22 23:12,Medium
294,resolved,2025-03-23 01:29,Medium
294,closed,2025-03-23 06:40,Medium
295,submitted,2025-02-24 09:27,Medium
295,in_progress,2025-02-24 10:26,Medium
295,resolved,2025-02-24 12:02,Medium
295,closed,2025-02-24 15:27,Medium
296,submitted,2025-01-28 05:13,Medium
296,in_progress,2025-01-28 05:33,Medium
296,resolved,2025-01-28 06:46,Medium
296,closed,2025-01-28 11:00,Medium
297,submitted,2025-02-05 15:06,Medium
297,in_progress,2025-02-05 15:25,Medium
297,resolved,2025-02-05 19:15,Medium
297,closed,2025-02-06 00:02,Medium
298,submitted,2025-03-09 17:57,Medium
298,in_progress,2025-03-09 18:13,Medium
298,resolved,2025-03-09 19:51,Medium
298,closed,2025-03-09 22:07,Medium
299,submitted,2025-03-21 14:25,High
299,in_progress,2025-03-21 14:33,High
299,resolved,2025-03-21 15:53,High
299,closed,2025-03-21 17:33,High
300,submitted,2025-01-01 14:32,Medium
300,in_progress,2025-01-01 15:19,Medium
300,resolved,2025-01-01 17:19,Medium
300,closed,2025-01-01 20:04,Medium
